region,class_code,class,area_ha,pct,indicator
Beni Mellal-Khenifra,-1,Degraded,2205651.374714816,76.33161088878612,Productivity
Beni Mellal-Khenifra,0,Stable,683913.4451976228,23.668389111213887,Productivity
Casablanca-Settat,-1,Degraded,1806593.5386053827,89.66817722483215,Productivity
Casablanca-Settat,0,Stable,208160.85310659243,10.331822775167856,Productivity
Dakhla-Oued Eddahab,-1,Degraded,2730594.595011495,21.261503000308018,Productivity
Dakhla-Oued Eddahab,0,Stable,10112310.231481424,78.73849699969198,Productivity
Daraa-Tafilelt,-1,Degraded,784957.861600834,9.677847664553987,Productivity
Daraa-Tafilelt,0,Stable,7325914.3985176515,90.32215233544602,Productivity
Fes-Meknes,-1,Degraded,2510467.6337069953,65.3178953022163,Productivity
Fes-Meknes,0,Stable,1332993.0627704868,34.68210469778369,Productivity
Guelmim-Oued Noun,-1,Degraded,3195540.5217250185,64.01155022139241,Productivity
Guelmim-Oued Noun,0,Stable,1796590.6025374294,35.98844977860758,Productivity
Laayoune-Saguia Hamra,-1,Degraded,3656593.448789821,26.429297938147524,Productivity
Laayoune-Saguia Hamra,0,Stable,10178785.218276348,73.57070206185249,Productivity
Marrakech-Safi,-1,Degraded,3506147.3949684817,86.91292841483838,Productivity
Marrakech-Safi,0,Stable,527944.4932181877,13.087071585161626,Productivity
Oriental,-1,Degraded,4571679.563183892,68.55015485996188,Productivity
Oriental,0,Stable,2097422.1660874374,31.44984514003812,Productivity
Rabat-Sale-Kenitra,-1,Degraded,1155605.4511935432,69.05239677504517,Productivity
Rabat-Sale-Kenitra,0,Stable,517914.23119808553,30.947603224954833,Productivity
Souss Massa,-1,Degraded,3272446.9767865706,62.44210234734255,Productivity
Souss Massa,0,Stable,1968323.0385840628,37.55789765265745,Productivity
Tanger-Tetouan-Hoceima,-1,Degraded,464725.76517845684,30.478780678720547,Productivity
Tanger-Tetouan-Hoceima,0,Stable,1060026.06159956,69.52121932127945,Productivity
Beni Mellal-Khenifra,-1,Degraded,15707.950287916667,0.5433872205237061,Land cover
Beni Mellal-Khenifra,0,Stable,2463364.9851402775,85.21551366510776,Land cover
Beni Mellal-Khenifra,1,Improved,411674.1588405386,14.241099114368533,Land cover
Casablanca-Settat,-1,Degraded,16499.466449117655,0.8170104754406018,Land cover
Casablanca-Settat,0,Stable,1814144.0074767559,89.83167198994883,Land cover
Casablanca-Settat,1,Improved,188849.1696928922,9.35131753461057,Land cover
Dakhla-Oued Eddahab,-1,Degraded,245.46396715686274,0.0018984092249629513,Land cover
Dakhla-Oued Eddahab,0,Stable,12929645.29767363,99.99739755251572,Land cover
Dakhla-Oued Eddahab,1,Improved,91.03201875,0.0007040382593163379,Land cover
Daraa-Tafilelt,-1,Degraded,490885.43260946055,6.0511781821657795,Land cover
Daraa-Tafilelt,0,Stable,7566913.572722068,93.2778593045326,Land cover
Daraa-Tafilelt,1,Improved,54430.0157244608,0.6709625133016216,Land cover
Fes-Meknes,-1,Degraded,192871.44491475512,5.005746204544024,Land cover
Fes-Meknes,0,Stable,3499879.814333439,90.83516797783669,Land cover
Fes-Meknes,1,Improved,160249.61282306357,4.159085817619299,Land cover
Guelmim-Oued Noun,-1,Degraded,167485.69903149514,3.3179732677609,Land cover
Guelmim-Oued Noun,0,Stable,4875895.660287149,96.59386771990548,Land cover
Guelmim-Oued Noun,1,Improved,4450.118375,0.08815901233361421,Land cover
Laayoune-Saguia Hamra,-1,Degraded,5048.865231250001,0.036305613081352814,Land cover
Laayoune-Saguia Hamra,0,Stable,13879628.404034803,99.80627239382346,Land cover
Laayoune-Saguia Hamra,1,Improved,21891.998512500006,0.15742199309518884,Land cover
Marrakech-Safi,-1,Degraded,152016.45050460825,3.759418800220606,Land cover
Marrakech-Safi,0,Stable,3281454.6929089087,81.15149658898213,Land cover
Marrakech-Safi,1,Improved,610144.6010118658,15.089084610797265,Land cover
Oriental,-1,Degraded,737208.2833210793,11.009339078360785,Land cover
Oriental,0,Stable,5871477.503639737,87.68361423902205,Land cover
Oriental,1,Improved,87522.56918007352,1.3070466826171743,Land cover
Rabat-Sale-Kenitra,-1,Degraded,31361.636790857832,1.8692075225143698,Land cover
Rabat-Sale-Kenitra,0,Stable,1526156.8882379602,90.96157687991283,Land cover
Rabat-Sale-Kenitra,1,Improved,120285.37919855387,7.169215597572784,Land cover
Souss Massa,-1,Degraded,303936.5611797294,5.789774152804449,Land cover
Souss Massa,0,Stable,4889696.731488803,93.1452262312244,Land cover
Souss Massa,1,Improved,55907.590243259794,1.0649996159711632,Land cover
Tanger-Tetouan-Hoceima,-1,Degraded,65534.0819371568,4.200803909617201,Land cover
Tanger-Tetouan-Hoceima,0,Stable,1437702.921075648,92.15827662794106,Land cover
Tanger-Tetouan-Hoceima,1,Improved,56799.67918330875,3.640919462441744,Land cover
Beni Mellal-Khenifra,-1,Degraded,5017.865675735294,0.1736496904947483,Soil organic carbon
Beni Mellal-Khenifra,0,Stable,2475554.553483706,85.66974681966113,Soil organic carbon
Beni Mellal-Khenifra,1,Improved,409076.08032178844,14.156603489844134,Soil organic carbon
Casablanca-Settat,-1,Degraded,2934.3741099999997,0.1454880374985012,Soil organic carbon
Casablanca-Settat,0,Stable,1825218.372927172,90.4954273480084,Soil organic carbon
Casablanca-Settat,1,Improved,188765.0425303922,9.3590846144931,Soil organic carbon
Dakhla-Oued Eddahab,-1,Degraded,245.46396715686274,0.0019081417466234724,Soil organic carbon
Dakhla-Oued Eddahab,0,Stable,12863695.622761052,99.99738421062072,Soil organic carbon
Dakhla-Oued Eddahab,1,Improved,91.03201875,0.0007076476326371852,Soil organic carbon
Daraa-Tafilelt,-1,Degraded,490296.7916157106,6.044932972579548,Soil organic carbon
Daraa-Tafilelt,0,Stable,7566229.265597069,93.2850256167952,Soil organic carbon
Daraa-Tafilelt,1,Improved,54346.202905710794,0.6700414106252595,Soil organic carbon
Fes-Meknes,-1,Degraded,167341.15411681394,4.353730963921449,Soil organic carbon
Fes-Meknes,0,Stable,3521752.086237627,91.62576406282315,Soil organic carbon
Fes-Meknes,1,Improved,154533.19186056353,4.020504973255404,Soil organic carbon
Guelmim-Oued Noun,-1,Degraded,167398.52801899513,3.348814732735735,Soil organic carbon
Guelmim-Oued Noun,0,Stable,4826890.948920758,96.562160458307,Soil organic carbon
Guelmim-Oued Noun,1,Improved,4450.118375,0.08902480895726259,Soil organic carbon
Laayoune-Saguia Hamra,-1,Degraded,5048.865231250001,0.036451393691518764,Soil organic carbon
Laayoune-Saguia Hamra,0,Stable,13824099.610288205,99.8061295450005,Soil organic carbon
Laayoune-Saguia Hamra,1,Improved,21804.039431250003,0.15741906130798403,Soil organic carbon
Marrakech-Safi,-1,Degraded,142423.69956085813,3.527889362485149,Soil organic carbon
Marrakech-Safi,0,Stable,3285188.573718349,81.37537403335297,Soil organic carbon
Marrakech-Safi,1,Improved,609467.2642868657,15.09673660416186,Soil organic carbon
Oriental,-1,Degraded,734499.9963085793,11.011650792154828,Soil organic carbon
Oriental,0,Stable,5848707.43093204,87.68403558690714,Soil organic carbon
Oriental,1,Improved,87000.42962193629,1.3043136209380197,Soil organic carbon
Rabat-Sale-Kenitra,-1,Degraded,1017.6141381372549,0.060764840701920064,Soil organic carbon
Rabat-Sale-Kenitra,0,Stable,1554029.8651489143,92.79585813799238,Soil organic carbon
Rabat-Sale-Kenitra,1,Improved,119628.41286105388,7.143377021305692,Soil organic carbon
Souss Massa,-1,Degraded,302907.7537037,5.778447201737411,Soil organic carbon
Souss Massa,0,Stable,4883211.503899368,93.15502658872535,Soil organic carbon
Souss Massa,1,Improved,55907.590243259794,1.0665262095372379,Soil organic carbon
Tanger-Tetouan-Hoceima,-1,Degraded,1053.43276875,0.06900088432660824,Soil organic carbon
Tanger-Tetouan-Hoceima,0,Stable,1484555.2201510286,97.23982968903971,Soil organic carbon
Tanger-Tetouan-Hoceima,1,Improved,41085.93807080882,2.6911694266336816,Soil organic carbon
Beni Mellal-Khenifra,-1,Degraded,2211275.3263860904,76.5262406002402,SDG 15.3.1
Beni Mellal-Khenifra,0,Stable,650261.3857241671,22.503782619552783,SDG 15.3.1
Beni Mellal-Khenifra,1,Improved,28028.107802181366,0.969976780207017,SDG 15.3.1
Casablanca-Settat,-1,Degraded,1806783.1538661916,89.67758855861996,SDG 15.3.1
Casablanca-Settat,0,Stable,203733.98032948453,10.112100073715084,SDG 15.3.1
Casablanca-Settat,1,Improved,4237.257516299018,0.210311367664946,SDG 15.3.1
Dakhla-Oued Eddahab,-1,Degraded,2730840.0589786517,21.263414281053873,SDG 15.3.1
Dakhla-Oued Eddahab,0,Stable,10111973.735495515,78.7358769071938,SDG 15.3.1
Dakhla-Oued Eddahab,1,Improved,91.03201875,0.0007088117523242491,SDG 15.3.1
Daraa-Tafilelt,-1,Degraded,1190883.7225910025,14.682560449714158,SDG 15.3.1
Daraa-Tafilelt,0,Stable,6873943.5545368325,84.74974496067782,SDG 15.3.1
Daraa-Tafilelt,1,Improved,46044.9829907108,0.567694589608021,SDG 15.3.1
Fes-Meknes,-1,Degraded,2563379.313654458,66.69456294957763,SDG 15.3.1
Fes-Meknes,0,Stable,1220753.9317268364,31.761842467795983,SDG 15.3.1
Fes-Meknes,1,Improved,59327.451096200944,1.5435945826263848,SDG 15.3.1
Guelmim-Oued Noun,-1,Degraded,3200556.0019668327,64.1120179398271,SDG 15.3.1
Guelmim-Oued Noun,0,Stable,1790963.117570616,35.875722672152726,SDG 15.3.1
Guelmim-Oued Noun,1,Improved,612.004725,0.012259388020189861,SDG 15.3.1
Laayoune-Saguia Hamra,-1,Degraded,3658367.300246071,26.44211906504933,SDG 15.3.1
Laayoune-Saguia Hamra,0,Stable,10165213.674607597,73.47260902084989,SDG 15.3.1
Laayoune-Saguia Hamra,1,Improved,11797.692212500004,0.0852719141007923,SDG 15.3.1
Marrakech-Safi,-1,Degraded,3514957.393688939,87.13131706251059,SDG 15.3.1
Marrakech-Safi,0,Stable,475196.6707108585,11.77952024599175,SDG 15.3.1
Marrakech-Safi,1,Improved,43937.82378686273,1.0891626914976633,SDG 15.3.1
Oriental,-1,Degraded,4710784.336268426,70.63596459463714,SDG 15.3.1
Oriental,0,Stable,1951501.8709431437,29.26183990233371,SDG 15.3.1
Oriental,1,Improved,6815.522059754902,0.10219550302915496,SDG 15.3.1
Rabat-Sale-Kenitra,-1,Degraded,1166919.9601555287,69.7284873571299,SDG 15.3.1
Rabat-Sale-Kenitra,0,Stable,492103.9419157593,29.405327412253218,SDG 15.3.1
Rabat-Sale-Kenitra,1,Improved,14495.780320343141,0.8661852306168988,SDG 15.3.1
Souss Massa,-1,Degraded,3454961.362932897,65.92468955515793,SDG 15.3.1
Souss Massa,0,Stable,1776841.6259615675,33.904209128625624,SDG 15.3.1
Souss Massa,1,Improved,8967.026476176476,0.17110131621645497,SDG 15.3.1
Tanger-Tetouan-Hoceima,-1,Degraded,502263.3909718621,32.94066497583452,SDG 15.3.1
Tanger-Tetouan-Hoceima,0,Stable,982450.9565415925,64.43349922837156,SDG 15.3.1
Tanger-Tetouan-Hoceima,1,Improved,40037.47926455884,2.6258357957939236,SDG 15.3.1
Beni Mellal-Khenifra,-1,Degraded,570954.3556076707,19.758609246424733,SDG 15.3.1 baseline
Beni Mellal-Khenifra,0,Stable,2270614.396646421,78.57752931036637,SDG 15.3.1 baseline
Beni Mellal-Khenifra,1,Improved,48079.74722713233,1.66386144320889,SDG 15.3.1 baseline
Casablanca-Settat,-1,Degraded,386508.51982328336,19.179349102410704,SDG 15.3.1 baseline
Casablanca-Settat,0,Stable,1614837.612005181,80.13156946323252,SDG 15.3.1 baseline
Casablanca-Settat,1,Improved,13886.594576740212,0.6890814343567793,SDG 15.3.1 baseline
Dakhla-Oued Eddahab,-1,Degraded,2315604.9709594604,18.026857427193473,SDG 15.3.1 baseline
Dakhla-Oued Eddahab,0,Stable,10529455.411151554,81.97123164931355,SDG 15.3.1 baseline
Dakhla-Oued Eddahab,1,Improved,245.46396715686274,0.001910923492972383,SDG 15.3.1 baseline
Daraa-Tafilelt,-1,Degraded,179078.607924608,2.207883470254404,SDG 15.3.1 baseline
Daraa-Tafilelt,0,Stable,6986082.422253581,86.13231965943257,SDG 15.3.1 baseline
Daraa-Tafilelt,1,Improved,945711.2299403953,11.659796870313043,SDG 15.3.1 baseline
Fes-Meknes,-1,Degraded,758043.8026535491,19.72252257236821,SDG 15.3.1 baseline
Fes-Meknes,0,Stable,2945920.897278072,76.64595527276151,SDG 15.3.1 baseline
Fes-Meknes,1,Improved,139579.14630835791,3.6315221548702747,SDG 15.3.1 baseline
Guelmim-Oued Noun,-1,Degraded,419033.77687823545,8.391714918947024,SDG 15.3.1 baseline
Guelmim-Oued Noun,0,Stable,4336457.039195814,86.8433840877863,SDG 15.3.1 baseline
Guelmim-Oued Noun,1,Improved,237931.63601772094,4.764900993266655,SDG 15.3.1 baseline
Laayoune-Saguia Hamra,-1,Degraded,1254151.6107180296,9.063163670182384,SDG 15.3.1 baseline
Laayoune-Saguia Hamra,0,Stable,12489576.307458118,90.25629220451134,SDG 15.3.1 baseline
Laayoune-Saguia Hamra,1,Improved,94173.02191348039,0.6805441253062651,SDG 15.3.1 baseline
Marrakech-Safi,-1,Degraded,1080143.6727537343,26.771796148176133,SDG 15.3.1 baseline
Marrakech-Safi,0,Stable,2812123.8774839565,69.6996233838827,SDG 15.3.1 baseline
Marrakech-Safi,1,Improved,142365.26548887248,3.5285804679411723,SDG 15.3.1 baseline
Oriental,-1,Degraded,954312.0703446311,14.308246929150798,SDG 15.3.1 baseline
Oriental,0,Stable,5082269.832569858,76.19978200498144,SDG 15.3.1 baseline
Oriental,1,Improved,633082.6274087242,9.491971065867759,SDG 15.3.1 baseline
Rabat-Sale-Kenitra,-1,Degraded,329255.49718862673,19.673007384000567,SDG 15.3.1 baseline
Rabat-Sale-Kenitra,0,Stable,1313422.9611620458,78.47698773106274,SDG 15.3.1 baseline
Rabat-Sale-Kenitra,1,Improved,30962.438345171555,1.8500048849367028,SDG 15.3.1 baseline
Souss Massa,-1,Degraded,307747.2934396571,5.872013463304993,SDG 15.3.1 baseline
Souss Massa,0,Stable,4626045.142918831,88.26787412966277,SDG 15.3.1 baseline
Souss Massa,1,Improved,307123.5690766413,5.860112407032217,SDG 15.3.1 baseline
Tanger-Tetouan-Hoceima,-1,Degraded,346673.6751082087,22.733614989669512,SDG 15.3.1 baseline
Tanger-Tetouan-Hoceima,0,Stable,1109322.5189177883,72.74538811340574,SDG 15.3.1 baseline
Tanger-Tetouan-Hoceima,1,Improved,68942.4277714706,4.5209968969247525,SDG 15.3.1 baseline
