region,class_code,class,area_ha,pct,indicator,year
Beni Mellal-Khenifra,0,No drought,393000.2492109806,13.596255137329461,SO3-1 2021,2021
Beni Mellal-Khenifra,1,Mild,2331240.186258028,80.65169531672143,SO3-1 2021,2021
Beni Mellal-Khenifra,2,Moderate,166263.20131529408,5.752049545949113,SO3-1 2021,2021
Casablanca-Settat,0,No drought,5163.414,0.25929161588557986,SO3-1 2021,2021
Casablanca-Settat,1,Mild,1941393.4158399953,97.49112425669875,SO3-1 2021,2021
Casablanca-Settat,2,Moderate,44797.18381176471,2.2495841274156625,SO3-1 2021,2021
Dakhla-Oued Eddahab,0,No drought,5734756.201280779,44.983941400949504,SO3-1 2021,2021
Dakhla-Oued Eddahab,1,Mild,6196561.668252599,48.60638485552199,SO3-1 2021,2021
Dakhla-Oued Eddahab,2,Moderate,559782.4123513725,4.390983391564652,SO3-1 2021,2021
Dakhla-Oued Eddahab,3,Severe,133113.59342901962,1.04415495206989,SO3-1 2021,2021
Dakhla-Oued Eddahab,4,Extreme,124238.17820000002,0.9745353998939588,SO3-1 2021,2021
Daraa-Tafilelt,0,No drought,221336.8587082353,2.728677421867004,SO3-1 2021,2021
Daraa-Tafilelt,1,Mild,4243869.738996089,52.319128434944126,SO3-1 2021,2021
Daraa-Tafilelt,2,Moderate,2591958.7034650976,31.954095824048725,SO3-1 2021,2021
Daraa-Tafilelt,3,Severe,585562.4796792152,7.218911150715093,SO3-1 2021,2021
Daraa-Tafilelt,4,Extreme,468779.1688000002,5.779187168425049,SO3-1 2021,2021
Fes-Meknes,0,No drought,758016.4680729427,19.674881777581703,SO3-1 2021,2021
Fes-Meknes,1,Mild,2916773.6006525396,75.70703036399962,SO3-1 2021,2021
Fes-Meknes,2,Moderate,169946.91850823525,4.411098796592481,SO3-1 2021,2021
Fes-Meknes,3,Severe,7974.691759215686,0.2069890618261942,SO3-1 2021,2021
Guelmim-Oued Noun,0,No drought,719775.5863843121,14.578235957587207,SO3-1 2021,2021
Guelmim-Oued Noun,1,Mild,2740515.2740768613,55.50602030218433,SO3-1 2021,2021
Guelmim-Oued Noun,2,Moderate,1032116.0447623538,20.904336741595795,SO3-1 2021,2021
Guelmim-Oued Noun,3,Severe,235785.29676705878,4.77556304579161,SO3-1 2021,2021
Guelmim-Oued Noun,4,Extreme,209137.58522352955,4.235843952841062,SO3-1 2021,2021
Laayoune-Saguia Hamra,0,No drought,1139318.6412752948,8.296903962197515,SO3-1 2021,2021
Laayoune-Saguia Hamra,1,Mild,6755753.1691983435,49.19768114599495,SO3-1 2021,2021
Laayoune-Saguia Hamra,2,Moderate,3431532.422549018,24.98958054542766,SO3-1 2021,2021
Laayoune-Saguia Hamra,3,Severe,1114172.4881309816,8.113781163975288,SO3-1 2021,2021
Laayoune-Saguia Hamra,4,Extreme,1291076.105711377,9.402053182404591,SO3-1 2021,2021
Marrakech-Safi,0,No drought,2604.7108,0.06512289206201274,SO3-1 2021,2021
Marrakech-Safi,1,Mild,1432994.4522031366,35.82767923267641,SO3-1 2021,2021
Marrakech-Safi,2,Moderate,1603341.8252572538,40.08669854048236,SO3-1 2021,2021
Marrakech-Safi,3,Severe,531900.535236863,13.298559342540843,SO3-1 2021,2021
Marrakech-Safi,4,Extreme,428843.8675011765,10.721939992238376,SO3-1 2021,2021
Oriental,0,No drought,51498.51458196078,0.7695726321195216,SO3-1 2021,2021
Oriental,1,Mild,2876313.4768164856,42.982446214669764,SO3-1 2021,2021
Oriental,2,Moderate,1413864.4330007816,21.128208881304765,SO3-1 2021,2021
Oriental,3,Severe,739260.5422572556,11.04720565137046,SO3-1 2021,2021
Oriental,4,Extreme,1610895.9328745108,24.0725666205355,SO3-1 2021,2021
Rabat-Sale-Kenitra,0,No drought,210574.21804549012,12.626372754765299,SO3-1 2021,2021
Rabat-Sale-Kenitra,1,Mild,1457159.0426094169,87.3736272452347,SO3-1 2021,2021
Souss Massa,0,No drought,39991.632345098034,0.7670595637427295,SO3-1 2021,2021
Souss Massa,1,Mild,3835587.3491121694,73.568488860839,SO3-1 2021,2021
Souss Massa,2,Moderate,1328869.7421231358,25.488388067481054,SO3-1 2021,2021
Souss Massa,3,Severe,8213.12288392157,0.15753181570440508,SO3-1 2021,2021
Souss Massa,4,Extreme,966.1734988235293,0.018531692232817917,SO3-1 2021,2021
Tanger-Tetouan-Hoceima,0,No drought,152896.22615372558,9.815176074259284,SO3-1 2021,2021
Tanger-Tetouan-Hoceima,1,Mild,1398439.333181181,89.77283893549244,SO3-1 2021,2021
Tanger-Tetouan-Hoceima,2,Moderate,6417.709653333333,0.41198499024827173,SO3-1 2021,2021
Beni Mellal-Khenifra,0,No drought,813314.2718886281,28.137458868359808,SO3-1 2022,2022
Beni Mellal-Khenifra,1,Mild,2064426.200066657,71.42098607989777,SO3-1 2022,2022
Beni Mellal-Khenifra,2,Moderate,12763.164829019608,0.4415550517424248,SO3-1 2022,2022
Casablanca-Settat,1,Mild,1242946.6921466673,62.41716357943505,SO3-1 2022,2022
Casablanca-Settat,2,Moderate,688954.6207050972,34.59729490497199,SO3-1 2022,2022
Casablanca-Settat,3,Severe,49128.80559999999,2.4671055604978602,SO3-1 2022,2022
Casablanca-Settat,4,Extreme,10323.8952,0.5184359550950933,SO3-1 2022,2022
Dakhla-Oued Eddahab,0,No drought,12671268.003913654,99.39456140027033,SO3-1 2022,2022
Dakhla-Oued Eddahab,1,Mild,77184.04960000001,0.6054385997296589,SO3-1 2022,2022
Daraa-Tafilelt,0,No drought,800072.6941294115,9.863428572468491,SO3-1 2022,2022
Daraa-Tafilelt,1,Mild,5526523.399535702,68.13189502075306,SO3-1 2022,2022
Daraa-Tafilelt,2,Moderate,1494194.5241513718,18.420677359046017,SO3-1 2022,2022
Daraa-Tafilelt,3,Severe,203499.67969098056,2.5087777271742993,SO3-1 2022,2022
Daraa-Tafilelt,4,Extreme,87216.65214117646,1.075221320558128,SO3-1 2022,2022
Fes-Meknes,0,No drought,732839.2380305901,19.0213880272024,SO3-1 2022,2022
Fes-Meknes,1,Mild,2712177.4345858716,70.39658455041237,SO3-1 2022,2022
Fes-Meknes,2,Moderate,313084.51846980373,8.126341770574474,SO3-1 2022,2022
Fes-Meknes,3,Severe,63508.32367372551,1.6484058233583176,SO3-1 2022,2022
Fes-Meknes,4,Extreme,31102.164232941184,0.807279828452438,SO3-1 2022,2022
Guelmim-Oued Noun,0,No drought,328820.919360784,6.659893779271343,SO3-1 2022,2022
Guelmim-Oued Noun,1,Mild,3102984.497949802,62.847422223757455,SO3-1 2022,2022
Guelmim-Oued Noun,2,Moderate,1244637.2986431387,25.20871305510714,SO3-1 2022,2022
Guelmim-Oued Noun,3,Severe,132895.4588603922,2.6916463875786247,SO3-1 2022,2022
Guelmim-Oued Noun,4,Extreme,127991.61240000004,2.5923245542854283,SO3-1 2022,2022
Laayoune-Saguia Hamra,0,No drought,10685443.565127939,77.81501666128246,SO3-1 2022,2022
Laayoune-Saguia Hamra,1,Mild,2722510.667949022,19.826244151282065,SO3-1 2022,2022
Laayoune-Saguia Hamra,2,Moderate,260516.10394901954,1.8971664438417375,SO3-1 2022,2022
Laayoune-Saguia Hamra,3,Severe,44204.30863921569,0.321910737003631,SO3-1 2022,2022
Laayoune-Saguia Hamra,4,Extreme,19178.1812,0.13966200659010505,SO3-1 2022,2022
Marrakech-Safi,0,No drought,74210.67763764707,1.8554128733390716,SO3-1 2022,2022
Marrakech-Safi,1,Mild,2380859.4196062745,59.526167357176725,SO3-1 2022,2022
Marrakech-Safi,2,Moderate,1304953.1527545098,32.6263949582484,SO3-1 2022,2022
Marrakech-Safi,3,Severe,144800.46719999996,3.6202964244608697,SO3-1 2022,2022
Marrakech-Safi,4,Extreme,94861.67379999998,2.3717283867749384,SO3-1 2022,2022
Oriental,0,No drought,135151.1692109804,2.019643515313313,SO3-1 2022,2022
Oriental,1,Mild,4015362.2418345157,60.0039227237121,SO3-1 2022,2022
Oriental,2,Moderate,1427569.652912157,21.333014053776083,SO3-1 2022,2022
Oriental,3,Severe,463472.6241968631,6.925944373616184,SO3-1 2022,2022
Oriental,4,Extreme,650277.2113764705,9.717475333582325,SO3-1 2022,2022
Rabat-Sale-Kenitra,0,No drought,197476.50630745082,11.841012646704854,SO3-1 2022,2022
Rabat-Sale-Kenitra,1,Mild,1465153.7699474567,87.85300410523088,SO3-1 2022,2022
Rabat-Sale-Kenitra,2,Moderate,5102.9844,0.30598324806426735,SO3-1 2022,2022
Souss Massa,0,No drought,547370.4778047058,10.498840264568287,SO3-1 2022,2022
Souss Massa,1,Mild,4627121.831490213,88.75051717868654,SO3-1 2022,2022
Souss Massa,2,Moderate,39135.71066823529,0.7506425567451948,SO3-1 2022,2022
Tanger-Tetouan-Hoceima,0,No drought,288568.1850360781,18.524639991511844,SO3-1 2022,2022
Tanger-Tetouan-Hoceima,1,Mild,1264115.1981521593,81.1498985955076,SO3-1 2022,2022
Tanger-Tetouan-Hoceima,2,Moderate,5069.8858,0.3254614129805612,SO3-1 2022,2022
Beni Mellal-Khenifra,1,Mild,185985.99068627442,6.434380096237637,SO3-1 2023,2023
Beni Mellal-Khenifra,2,Moderate,713563.5079874519,24.686476740824773,SO3-1 2023,2023
Beni Mellal-Khenifra,3,Severe,300835.94810901955,10.407734634221061,SO3-1 2023,2023
Beni Mellal-Khenifra,4,Extreme,1690118.19000156,58.47140852871652,SO3-1 2023,2023
Casablanca-Settat,2,Moderate,18103.855199999998,0.9091228920567976,SO3-1 2023,2023
Casablanca-Settat,3,Severe,52729.841448627456,2.6479390950648236,SO3-1 2023,2023
Casablanca-Settat,4,Extreme,1920520.3170031325,96.44293801287837,SO3-1 2023,2023
Dakhla-Oued Eddahab,0,No drought,6218365.837570994,48.77741871301997,SO3-1 2023,2023
Dakhla-Oued Eddahab,1,Mild,4635178.950791384,36.35875894057136,SO3-1 2023,2023
Dakhla-Oued Eddahab,2,Moderate,1135135.194201567,8.904102156376696,SO3-1 2023,2023
Dakhla-Oued Eddahab,3,Severe,307830.2019694118,2.4146476817518185,SO3-1 2023,2023
Dakhla-Oued Eddahab,4,Extreme,451941.8689803924,3.5450725082801524,SO3-1 2023,2023
Daraa-Tafilelt,0,No drought,53866.553931764705,0.6640757909243745,SO3-1 2023,2023
Daraa-Tafilelt,1,Mild,2277049.64149647,28.071844795683838,SO3-1 2023,2023
Daraa-Tafilelt,2,Moderate,3166141.516983526,39.03271656718086,SO3-1 2023,2023
Daraa-Tafilelt,3,Severe,1064516.3274980392,13.123533445830953,SO3-1 2023,2023
Daraa-Tafilelt,4,Extreme,1549932.9097388238,19.107829400379963,SO3-1 2023,2023
Fes-Meknes,1,Mild,830217.5732603936,21.54891521696742,SO3-1 2023,2023
Fes-Meknes,2,Moderate,757288.8000039218,19.655994611096016,SO3-1 2023,2023
Fes-Meknes,3,Severe,336304.62818509806,8.729037005774682,SO3-1 2023,2023
Fes-Meknes,4,Extreme,1928900.6775435407,50.066053166161886,SO3-1 2023,2023
Guelmim-Oued Noun,0,No drought,422249.55804941186,8.552184606806783,SO3-1 2023,2023
Guelmim-Oued Noun,1,Mild,4010074.9917396074,81.21950861221056,SO3-1 2023,2023
Guelmim-Oued Noun,2,Moderate,480320.79881098046,9.728351548540187,SO3-1 2023,2023
Guelmim-Oued Noun,3,Severe,19015.2212,0.3851316808782449,SO3-1 2023,2023
Guelmim-Oued Noun,4,Extreme,5669.217414117647,0.11482355156422511,SO3-1 2023,2023
Laayoune-Saguia Hamra,0,No drought,7632186.217748173,55.58016324509786,SO3-1 2023,2023
Laayoune-Saguia Hamra,1,Mild,5184742.678777257,37.75705102689283,SO3-1 2023,2023
Laayoune-Saguia Hamra,2,Moderate,785451.2146556849,5.719921590763235,SO3-1 2023,2023
Laayoune-Saguia Hamra,3,Severe,102383.31145411763,0.745589926902032,SO3-1 2023,2023
Laayoune-Saguia Hamra,4,Extreme,27089.40422980392,0.19727421034404136,SO3-1 2023,2023
Marrakech-Safi,1,Mild,151375.98749411764,3.784697362317544,SO3-1 2023,2023
Marrakech-Safi,2,Moderate,898384.8173874499,22.461387073326513,SO3-1 2023,2023
Marrakech-Safi,3,Severe,809967.0512752936,20.250769050440347,SO3-1 2023,2023
Marrakech-Safi,4,Extreme,2139957.534841567,53.503146513915596,SO3-1 2023,2023
Oriental,1,Mild,474624.45015372534,7.0925926764697,SO3-1 2023,2023
Oriental,2,Moderate,1196547.8960494115,17.880719886673692,SO3-1 2023,2023
Oriental,3,Severe,1230901.6985239205,18.394088988835772,SO3-1 2023,2023
Oriental,4,Extreme,3789758.854803938,56.63259844802083,SO3-1 2023,2023
Rabat-Sale-Kenitra,2,Moderate,55051.88627215687,3.3010006798412355,SO3-1 2023,2023
Rabat-Sale-Kenitra,3,Severe,105399.54677176471,6.319928327769579,SO3-1 2023,2023
Rabat-Sale-Kenitra,4,Extreme,1507281.8276109851,90.37907099238917,SO3-1 2023,2023
Souss Massa,1,Mild,2336622.8593913764,44.81759823378982,SO3-1 2023,2023
Souss Massa,2,Moderate,2690915.7951466762,51.61311441558685,SO3-1 2023,2023
Souss Massa,3,Severe,131435.70080784315,2.521002655052712,SO3-1 2023,2023
Souss Massa,4,Extreme,54653.6646172549,1.048284695570613,SO3-1 2023,2023
Tanger-Tetouan-Hoceima,1,Mild,23566.870338039214,1.5128756785306543,SO3-1 2023,2023
Tanger-Tetouan-Hoceima,2,Moderate,357509.47996470536,22.950327698359352,SO3-1 2023,2023
Tanger-Tetouan-Hoceima,3,Severe,306392.5535701962,19.668875660212795,SO3-1 2023,2023
Tanger-Tetouan-Hoceima,4,Extreme,870284.3651152948,55.86792096289719,SO3-1 2023,2023
Beni Mellal-Khenifra,1,Mild,696103.712097256,24.08243681961497,SO3-1 2024,2024
Beni Mellal-Khenifra,2,Moderate,876892.9858039232,30.33703105039044,SO3-1 2024,2024
Beni Mellal-Khenifra,3,Severe,494026.36490431335,17.091359395552164,SO3-1 2024,2024
Beni Mellal-Khenifra,4,Extreme,823480.5739788247,28.489172734442434,SO3-1 2024,2024
Casablanca-Settat,2,Moderate,332628.67518666707,16.70364349615009,SO3-1 2024,2024
Casablanca-Settat,3,Severe,545972.5102760796,27.417149664658034,SO3-1 2024,2024
Casablanca-Settat,4,Extreme,1112752.8281890198,55.87920683919187,SO3-1 2024,2024
Dakhla-Oued Eddahab,0,No drought,8051896.429533297,63.159796936397925,SO3-1 2024,2024
Dakhla-Oued Eddahab,1,Mild,4659357.804580391,36.54842003579716,SO3-1 2024,2024
Dakhla-Oued Eddahab,2,Moderate,37197.8194,0.29178302780491416,SO3-1 2024,2024
Daraa-Tafilelt,0,No drought,2734319.575635305,33.70914421461158,SO3-1 2024,2024
Daraa-Tafilelt,1,Mild,4446008.701601585,54.811131016711535,SO3-1 2024,2024
Daraa-Tafilelt,2,Moderate,854383.1179050975,10.532976464282076,SO3-1 2024,2024
Daraa-Tafilelt,3,Severe,49512.253457254905,0.6103952541074936,SO3-1 2024,2024
Daraa-Tafilelt,4,Extreme,27283.301049411766,0.33635305028732704,SO3-1 2024,2024
Fes-Meknes,0,No drought,13973.94880627451,0.36270424497291226,SO3-1 2024,2024
Fes-Meknes,1,Mild,2622393.2021552813,68.0661679526654,SO3-1 2024,2024
Fes-Meknes,2,Moderate,576245.977945882,14.956893376887956,SO3-1 2024,2024
Fes-Meknes,3,Severe,263320.8774196079,6.834689417725599,SO3-1 2024,2024
Fes-Meknes,4,Extreme,376777.6726658823,9.779545007748135,SO3-1 2024,2024
Guelmim-Oued Noun,0,No drought,1354923.6469741242,27.442437620490356,SO3-1 2024,2024
Guelmim-Oued Noun,1,Mild,1155651.1344674504,23.40639949675155,SO3-1 2024,2024
Guelmim-Oued Noun,2,Moderate,1022956.9738745103,20.718830176659353,SO3-1 2024,2024
Guelmim-Oued Noun,3,Severe,274404.4202023531,5.557749472456959,SO3-1 2024,2024
Guelmim-Oued Noun,4,Extreme,1129393.611695683,22.87458323364179,SO3-1 2024,2024
Laayoune-Saguia Hamra,0,No drought,6962585.2755896775,50.703902549611485,SO3-1 2024,2024
Laayoune-Saguia Hamra,1,Mild,4559399.91076783,33.20309333528418,SO3-1 2024,2024
Laayoune-Saguia Hamra,2,Moderate,995233.3658956853,7.2476262194466115,SO3-1 2024,2024
Laayoune-Saguia Hamra,3,Severe,248915.84648941158,1.81268944277085,SO3-1 2024,2024
Laayoune-Saguia Hamra,4,Extreme,965718.4281223511,7.0326884528868705,SO3-1 2024,2024
Marrakech-Safi,1,Mild,37374.077578823526,0.9344254341338066,SO3-1 2024,2024
Marrakech-Safi,2,Moderate,1534290.7908580392,38.360286894340916,SO3-1 2024,2024
Marrakech-Safi,3,Severe,1108030.2496305879,27.702935138955848,SO3-1 2024,2024
Marrakech-Safi,4,Extreme,1319990.2729309797,33.002352532569425,SO3-1 2024,2024
Oriental,0,No drought,357033.3553560785,5.335359694667528,SO3-1 2024,2024
Oriental,1,Mild,1999259.4503521533,29.876111378876058,SO3-1 2024,2024
Oriental,2,Moderate,469501.80478980386,7.016041969946814,SO3-1 2024,2024
Oriental,3,Severe,216564.6057678431,3.236252444125153,SO3-1 2024,2024
Oriental,4,Extreme,3649473.683265122,54.53623451238444,SO3-1 2024,2024
Rabat-Sale-Kenitra,0,No drought,229.79736549019609,0.013779023954943312,SO3-1 2024,2024
Rabat-Sale-Kenitra,1,Mild,830400.9274219597,49.792190814487306,SO3-1 2024,2024
Rabat-Sale-Kenitra,2,Moderate,673483.644705099,40.383175211162296,SO3-1 2024,2024
Rabat-Sale-Kenitra,3,Severe,51319.35225803921,3.0771918668748395,SO3-1 2024,2024
Rabat-Sale-Kenitra,4,Extreme,112299.53890431368,6.733663083520611,SO3-1 2024,2024
Souss Massa,0,No drought,54879.05186666666,1.0526077360435602,SO3-1 2024,2024
Souss Massa,1,Mild,2157031.1525615677,41.37293923352858,SO3-1 2024,2024
Souss Massa,2,Moderate,2133956.5834815693,40.930357426931614,SO3-1 2024,2024
Souss Massa,3,Severe,642300.753734902,12.319650563398717,SO3-1 2024,2024
Souss Massa,4,Extreme,225460.47831843118,4.324445040097535,SO3-1 2024,2024
Tanger-Tetouan-Hoceima,0,No drought,24261.82450196079,1.5574882739754285,SO3-1 2024,2024
Tanger-Tetouan-Hoceima,1,Mild,1321551.3370564776,84.83701259794643,SO3-1 2024,2024
Tanger-Tetouan-Hoceima,2,Moderate,66524.31175137256,4.270529426947053,SO3-1 2024,2024
Tanger-Tetouan-Hoceima,3,Severe,70107.54408078433,4.500555092804847,SO3-1 2024,2024
Tanger-Tetouan-Hoceima,4,Extreme,75308.25159764706,4.834414608326235,SO3-1 2024,2024
Beni Mellal-Khenifra,0,No drought,1905159.3802964597,65.91098367950704,SO3-1 2025,2025
Beni Mellal-Khenifra,1,Mild,969576.8600878437,33.54352673178096,SO3-1 2025,2025
Beni Mellal-Khenifra,2,Moderate,15767.3964,0.5454895887119965,SO3-1 2025,2025
Casablanca-Settat,0,No drought,1050171.6346643134,52.73656152873079,SO3-1 2025,2025
Casablanca-Settat,1,Mild,941182.378987452,47.26343847126921,SO3-1 2025,2025
Dakhla-Oued Eddahab,0,No drought,12252917.29458975,96.11298095765795,SO3-1 2025,2025
Dakhla-Oued Eddahab,1,Mild,495195.7841866668,3.8843600941353746,SO3-1 2025,2025
Dakhla-Oued Eddahab,2,Moderate,338.974737254902,0.002658948206668552,SO3-1 2025,2025
Daraa-Tafilelt,0,No drought,6063424.450461111,74.7509000251034,SO3-1 2025,2025
Daraa-Tafilelt,1,Mild,2011045.863187451,24.792506197317394,SO3-1 2025,2025
Daraa-Tafilelt,2,Moderate,37036.63599999999,0.45659377757920355,SO3-1 2025,2025
Fes-Meknes,0,No drought,2769794.70174588,71.89208361602282,SO3-1 2025,2025
Fes-Meknes,1,Mild,1038773.7038454892,26.962144857852813,SO3-1 2025,2025
Fes-Meknes,2,Moderate,42720.58340156863,1.1088445479713493,SO3-1 2025,2025
Fes-Meknes,3,Severe,1422.69,0.03692697815300515,SO3-1 2025,2025
Guelmim-Oued Noun,0,No drought,1619165.050294906,32.794346743617446,SO3-1 2025,2025
Guelmim-Oued Noun,1,Mild,3261400.8771192087,66.05596582924335,SO3-1 2025,2025
Guelmim-Oued Noun,2,Moderate,56763.85979999999,1.1496874271392143,SO3-1 2025,2025
Laayoune-Saguia Hamra,0,No drought,11658358.77168251,84.90011449055055,SO3-1 2025,2025
Laayoune-Saguia Hamra,1,Mild,1990421.4719827534,14.494922841647808,SO3-1 2025,2025
Laayoune-Saguia Hamra,2,Moderate,74751.94400000002,0.5443689569243989,SO3-1 2025,2025
Laayoune-Saguia Hamra,3,Severe,5543.628,0.04037057540519469,SO3-1 2025,2025
Laayoune-Saguia Hamra,4,Extreme,2777.0112,0.020223135472053715,SO3-1 2025,2025
Marrakech-Safi,0,No drought,978970.0459717648,24.47617625563764,SO3-1 2025,2025
Marrakech-Safi,1,Mild,2970635.3604266634,74.27172564902945,SO3-1 2025,2025
Marrakech-Safi,2,Moderate,50079.984599999996,1.2520980953329106,SO3-1 2025,2025
Oriental,0,No drought,3107846.355400786,46.442378374669254,SO3-1 2025,2025
Oriental,1,Mild,3553725.4142141314,53.10541173948318,SO3-1 2025,2025
Oriental,2,Moderate,29110.869916078434,0.4350208732516124,SO3-1 2025,2025
Oriental,3,Severe,1150.26,0.017189012595945383,SO3-1 2025,2025
Rabat-Sale-Kenitra,0,No drought,1667733.2606549088,99.99999999999999,SO3-1 2025,2025
Souss Massa,0,No drought,1084253.4712862745,20.79652532046076,SO3-1 2025,2025
Souss Massa,1,Mild,4118689.3658768814,78.9985275149336,SO3-1 2025,2025
Souss Massa,2,Moderate,10685.1828,0.20494716460564658,SO3-1 2025,2025
Tanger-Tetouan-Hoceima,0,No drought,1256586.582224322,80.66659895635922,SO3-1 2025,2025
Tanger-Tetouan-Hoceima,1,Mild,301166.6867639213,19.333401043640773,SO3-1 2025,2025
